{
  "Pedro": [
    {
      "Artigo3": 2.472931587615537
    },
    {
      "Artigo5": 2.399359866080731
    }
  ],
  "Janaina": [
    {
      "Artigo3": 2.2203274393204473
    }
  ],
  "Leonardo": [
    {
      "Artigo3": 2.3636473570646
    },
    {
      "Artigo6": 3.4965869417247353
    },
    {
      "Artigo1": 2.8676753449983066
    }
  ],
  "Ana": [
    {
      "Artigo1": 2.859485795192753
    }
  ],
  "Marcos": [],
  "Claudia": [
    {
      "Artigo1": 2.8052573996216563
    }
  ],
  "Adriano": [
    {
      "Artigo2": 3.670765546650771
    }
  ]
}